steps,time,reward,delta,converged
1,0.0016290000000083182,0.6666666666666666,0.3333333333333333,False
2,0.0009649999999936654,0.6666666666666666,0,True
