steps,time,reward,delta,converged
1,0.007059999999995625,0.6666666666666666,0.3333333333333333,False
2,0.009749999999996817,0.6666666666666666,0,True
