steps,time,reward,delta,converged
1,0.004861000000000004,18.439086222500833,129.25732308214725,False
2,0.007009000000000043,111.38138144359404,1.1221099900000002,False
3,0.00709399999999949,111.64170089003848,0.00011221111110004678,False
4,0.0083650000000004,111.6417233124828,1.1211110999997942e-05,False
5,0.006601999999999997,111.6417271367259,1.1111100000071872e-06,False
6,0.004610000000000447,111.641727247937,1.0109999992735652e-07,False
7,0.0037650000000004624,111.641727247937,1.000000082740371e-07,False
8,0.0038119999999999266,111.641727248048,1.000000082740371e-07,False
9,0.003938999999999915,111.641727248048,1.000000082740371e-07,True
