steps,time,reward,delta,converged
1,0.00254999999999983,57.0,125.25,False
2,0.003142999999999896,57.0,0,True
