steps,time,reward,delta,converged
1,0.008558999999999983,-541.1868310690173,160.20605967643468,False
2,0.012072999999999112,1220.650764483563,79.119357134882,False
3,0.012146999999998798,1434.939697822044,11.780632827922016,False
4,0.011397000000000546,1449.0764516023303,7.068376821733361,False
5,0.011435000000000528,1476.863644113366,4.241023211418938,False
6,0.01113699999999973,1482.0342916555298,2.5446110342282307,False
7,0.011155999999999722,1485.1366734230003,1.5267637095770508,False
8,0.011518000000000583,1487.0376691274025,0.9160552842250842,False
9,0.01158799999999971,1487.0376691274025,4.775196671857884e-06,True
