steps,time,reward,delta,converged
1,0.006268999999999636,-190.9301929778677,144.85317906638534,False
2,0.007200000000000983,471.82802602264604,26.243838900488374,False
3,0.007177999999999685,508.6579902419565,0.689491500344829,False
4,0.007424999999999571,509.2095812780487,0.2757954996411416,False
5,0.007668000000000674,509.76646503580923,0.11031709788192257,False
6,0.007369999999999877,509.83388880226596,0.04412573348387605,False
7,0.007204999999999018,509.8608563889958,0.01764917848876002,False
8,0.00760600000000089,509.87155118963335,0.00705853340096918,False
9,0.008428000000000324,509.87155118963335,2.7487790816849156e-06,True
