steps,time,reward,delta,converged
1,0.014147000000000354,0.7439132015298437,0.08796429849834309,False
2,0.014622000000000135,0.7753627265662426,7.38055513217848e-07,True
