steps,time,reward,delta,converged
1,0.0031209999999999294,0.6666666666666666,0.08333333333333331,False
2,0.0027479999999999727,0.6666666666666666,0,True
