steps,time,reward,delta,converged
1,0.01779200000000003,0.6666666666666666,0.08333333333333331,False
2,0.016980000000000217,0.6666666666666666,0,True
