steps,time,reward,delta,converged
1,0.0018100000000060845,255.0,125.25,False
2,0.0015700000000009595,255.0,0,True
